VYBER,credit,withdrawal,total_type_count,collection_from_another_bank,credit_card_withdrawal,credit_in_cash,other,remittance_to_another_bank,withdrawal_in_cash,status,gender,age,region,avg_salary,type_card
3,26,12,41,21922.3333333,0,0,143.616666667,7266,4729.775,yes,M,54,Prague,12541,no_card
0,20,22,42,16400.5,0,2966.66666667,77.04,0,6068.65,no,M,60,south Bohemia,9104,no_card
1,37,16,54,0,0,25006.5,264.283333333,2597.8125,11062.0727273,yes,M,37,north Moravia,9893,no_card
1,39,12,52,0,0,25244.6666667,117.65,1666,6104.18181818,no,M,47,south Bohemia,8547,no_card
1,30,16,47,14994.5,0,2025,156.3,2282.38461538,4367.55555556,yes,M,59,south Bohemia,8402,no_card
4,34,12,50,44947.5,0,0,192.966666667,3419,9819.36923077,yes,M,55,south Bohemia,8427,no_card
0,45,13,58,0,0,17018.8571429,122.85,945.826086957,3450.34545455,yes,M,57,north Moravia,10673,classic
4,21,18,43,0,0,23014.1666667,137.483333333,0,6535.324,no,M,32,east Bohemia,8254,no_card
0,15,12,27,0,0,11722.3333333,89.9166666667,0,4365.84,yes,M,49,south Bohemia,9104,classic
0,31,12,43,0,0,25391.1666667,202.216666667,1708.18181818,6291.38,yes,M,46,north Bohemia,9198,classic
1,14,16,31,0,0,26812.5,252.633333333,0,12715.5333333,yes,M,54,north Bohemia,9317,classic
0,18,11,29,0,0,18755.8333333,122.2,2152,6841.46,yes,M,60,south Moravia,8512,no_card
3,43,22,68,0,0,25484.125,210.616666667,1565.66666667,12186.6451613,yes,M,32,north Moravia,8678,no_card
0,21,17,38,0,2900,12816.6363636,204.716666667,8928,5336.25714286,yes,M,55,north Moravia,10177,classic
0,24,12,36,29058.1666667,0,0,227.766666667,5212,8204.86666667,yes,M,28,north Bohemia,8965,classic
3,31,11,45,0,0,24687.4,204.783333333,2963.5,6346.25454545,yes,M,59,south Moravia,8772,no_card
0,26,11,37,0,0,16688.8333333,208.14,3803,3952.65,yes,M,43,north Moravia,8678,classic
0,20,12,32,0,0,20746.8333333,122.333333333,0,7061.38,yes,M,26,south Bohemia,10045,no_card
3,26,14,43,39971.8333333,0,1700,143.533333333,13691,6758.7826087,yes,M,60,south Bohemia,9045,no_card
1,36,14,51,0,0,19353.25,202.2,1223,5998.26315789,yes,M,25,east Bohemia,9538,no_card
0,21,12,33,0,0,24259.1666667,184.1,0,6688.93333333,yes,M,26,east Bohemia,8388,no_card
5,33,12,50,50707.5,0,0,228.5,2067.5,8109.73076923,yes,M,52,east Bohemia,8369,classic
0,27,12,39,0,0,15110.3333333,136.75,4739,1808.93333333,yes,M,34,south Moravia,9897,no_card
3,18,13,34,0,0,24742.5714286,138.566666667,0,8056.5047619,no,M,52,Prague,12541,no_card
0,19,17,36,0,0,4813.63636364,60.8666666667,4660,2060.54285714,yes,M,62,north Moravia,8994,no_card
2,43,16,61,0,0,29399.7,309.916666667,2316.14285714,12021.275,yes,M,38,north Moravia,9893,no_card
6,28,22,56,0,0,21496.375,211.383333333,4191.5,11554.2916667,no,M,34,south Moravia,8441,no_card
0,29,14,43,0,0,13713.6875,106.483333333,5825,2873.37391304,yes,M,42,west Bohemia,8843,no_card
0,0,2,2,0,0,5050,0,0,0,no,M,58,south Moravia,9897,no_card
0,11,11,22,53301.1666667,0,0,194.76,0,25719.5090909,no,M,39,central Bohemia,11277,no_card
0,19,12,31,0,0,21375,161.6,0,4362.50526316,yes,M,33,central Bohemia,8598,no_card
0,23,14,37,0,0,19365.75,207,6454,6446.32941176,yes,M,43,north Moravia,10177,no_card
2,23,12,37,24688.1666667,1800,0,207.183333333,0,6370.81666667,yes,M,57,north Bohemia,9272,classic
0,37,12,49,0,3400,14453.8571429,220.18,2391,3145.47058824,yes,M,59,west Bohemia,8561,classic
0,30,17,47,0,0,7517.90909091,137.3,6358,1814.48333333,yes,M,54,south Moravia,8757,classic
2,32,15,49,0,0,23953.3333333,122.883333333,4629.66666667,5892.6,yes,M,43,Prague,12541,classic
1,18,12,31,28616.4,0,300,226.15,7395,7540.70588235,yes,M,47,south Bohemia,9104,no_card
0,27,13,40,0,0,5499.71428571,113.35,1897,1847.82352941,yes,M,29,north Bohemia,10446,no_card
1,16,12,29,0,0,20222.5,93.7,0,4434.27058824,no,M,48,south Moravia,9897,classic
0,28,18,46,0,0,16705,92.7,0,4633.09285714,no,M,42,north Moravia,8173,no_card
2,19,14,35,13369.4,0,2033.33333333,128.483333333,0,3913.55238095,yes,M,44,south Bohemia,8427,no_card
1,29,20,50,0,0,19423.7857143,262.216666667,4514,9982.23333333,yes,M,38,north Bohemia,9317,no_card
0,29,12,41,0,0,23170.3333333,126.4,4605,5453.37391304,yes,M,39,central Bohemia,9307,no_card
0,33,14,47,0,0,13825.875,146.95,9235,3070.65185185,yes,M,51,south Bohemia,8402,classic
0,9,16,25,0,0,23985.9166667,219,0,22425.4666667,yes,M,22,north Moravia,8994,classic
0,43,11,54,0,0,11272.1666667,114.44,1443.33333333,1746.92,yes,M,45,Prague,12541,no_card
0,37,15,52,0,0,6270.66666667,106.65,1501.4375,2185.38095238,yes,M,28,north Moravia,8746,no_card
0,17,12,29,41918.5,0,0,208.766666667,14291,14872.6,yes,M,64,north Moravia,8994,no_card
0,2,13,15,0,0,4412.77777778,90.65,0,4400,yes,M,59,north Moravia,10177,no_card
1,21,11,33,40990.1666667,0,0,316.6,0,10344.8636364,yes,M,41,north Bohemia,9065,gold
1,15,12,28,43345.1666667,0,0,282.083333333,5940,16554.5384615,yes,M,41,central Bohemia,9753,classic
3,16,14,33,0,0,27030.875,261.166666667,0,10873.7368421,yes,M,33,central Bohemia,8546,classic
2,34,19,55,0,0,31594.5384615,230.85,0,12158.6277778,yes,M,24,north Moravia,10177,no_card
3,27,12,42,22103.1666667,0,0,153.266666667,7085,4100.98333333,yes,M,55,east Bohemia,8390,no_card
0,3,11,14,24545,0,500,162.7,0,10233.3333333,yes,M,54,south Moravia,8403,no_card
2,32,13,47,0,0,16910.2857143,114.983333333,2880.66666667,2740.225,yes,M,63,east Bohemia,8363,no_card
3,15,14,32,0,0,18780.625,219.216666667,0,7084.88888889,yes,M,49,east Bohemia,8363,no_card
0,41,13,54,0,0,10821.1428571,97.2666666667,2372,1738.59130435,yes,M,20,east Bohemia,8390,no_card
2,26,12,40,52148.5,0,0,129.1,10261,10081.4363636,yes,M,43,south Moravia,9897,no_card
2,16,12,30,0,0,13169.8333333,86.25,0,5174.16666667,no,M,36,south Bohemia,8547,no_card
2,30,11,43,20494,0,0,154.3,4397,4515.2962963,yes,M,31,central Bohemia,9622,no_card
0,36,13,49,0,0,17649.5714286,172.65,2261,8837.5,yes,M,48,north Moravia,10673,no_card
0,35,14,49,0,0,4398,111.86,827.611111111,2070.49411765,yes,M,53,north Moravia,9893,no_card
4,27,14,45,0,0,22726.875,139.716666667,0,7939.06451613,no,M,28,south Moravia,8403,no_card
0,21,13,34,24733.5,0,900,154.45,5779.85714286,8281.7,yes,M,57,south Moravia,8544,no_card
2,28,12,42,26745.3333333,0,0,171.2,0,6045.2,yes,M,37,central Bohemia,8598,no_card
0,39,14,53,0,0,12946,131.2,3314,2426.94814815,yes,M,53,north Bohemia,8965,no_card
0,24,14,38,13502.6666667,0,2850,101.416666667,4162,2705.55555556,yes,M,39,south Moravia,8743,no_card
3,20,14,37,0,0,22154.625,239.816666667,0,8891.89565217,yes,M,55,south Moravia,8743,no_card
2,14,13,29,0,0,15028.8571429,148.033333333,3483,10492.8,yes,M,60,south Moravia,8772,no_card
0,27,11,38,12937.2,0,0,92.9833333333,4224.5,1816.91764706,yes,M,58,south Moravia,8240,no_card
4,22,12,38,52697.6666667,0,0,248.366666667,0,11690.2923077,yes,M,32,south Moravia,8240,no_card
0,27,11,38,0,0,21981.8333333,192.26,5930,4665.38095238,yes,M,42,south Bohemia,8402,no_card
4,24,17,45,0,0,17462,156.8,6376,8481.07272727,yes,M,59,north Bohemia,9675,no_card
1,33,20,54,0,0,29906.7142857,322.583333333,14882,11940.4642857,yes,M,53,south Bohemia,8402,no_card
0,2,8,10,12508,0,2050,72.9,0,5950,yes,M,34,south Moravia,8403,no_card
2,26,16,44,0,2100,27975.5,230.45,0,11198.0769231,yes,M,54,north Bohemia,9832,classic
4,23,23,50,0,0,24817.5454545,173.516666667,0,11615.637037,yes,M,48,south Moravia,8544,no_card
4,13,13,30,0,0,16194.5714286,89.5833333333,0,7104.25882353,no,M,24,west Bohemia,8930,no_card
0,27,13,40,0,0,16883,123.35,0,4086.20740741,yes,M,37,east Bohemia,8187,no_card
0,16,14,30,0,0,22945,177.166666667,0,8255.475,yes,M,31,north Moravia,8173,classic
2,20,17,39,0,0,17752.4545455,83.7666666667,0,7796.61363636,no,M,30,north Moravia,8173,no_card
0,25,16,41,0,0,5887.1,124.95,1707.88888889,3158.3125,yes,M,42,west Bohemia,8930,no_card
0,16,10,26,0,0,15056,256.183333333,9749,3410,yes,M,62,central Bohemia,8546,no_card
1,26,12,39,25703.1666667,0,200,144.46,12113,3921.71428571,yes,M,59,east Bohemia,9538,no_card
0,3,7,10,0,0,17023.5,115.266666667,0,7066.66666667,yes,M,49,north Moravia,9893,classic
0,26,12,38,47588.6666667,0,0,264.383333333,14456,8769.38,yes,M,56,north Moravia,8678,no_card
0,47,14,61,0,0,16112.75,159.733333333,2059,3304.4,yes,M,59,west Bohemia,8594,no_card
0,50,12,62,0,2187.5,21242,144.466666667,1708.75,4414.86666667,yes,M,48,west Bohemia,8594,classic
6,28,12,46,52215.5,0,0,209.35,11994,7378.64285714,yes,M,46,west Bohemia,8930,no_card
0,30,12,42,0,0,14808.1666667,165.683333333,5710,2610.92,yes,M,50,north Bohemia,9198,no_card
0,0,4,4,0,0,5025,0,0,0,no,M,52,west Bohemia,9650,no_card
2,18,17,37,0,0,19087.5833333,168.54,2682.375,13018.8166667,yes,M,31,east Bohemia,8369,no_card
3,24,17,44,0,0,26360.4166667,323.66,0,12886.5555556,yes,M,25,west Bohemia,8594,no_card
1,24,12,37,25940.5,0,0,181.966666667,5475.5,7414.02352941,yes,M,57,north Moravia,9893,no_card
1,30,13,44,0,0,12098.5714286,97.6,3485,2127.23076923,yes,M,47,south Moravia,8743,no_card
0,12,12,24,19101.3333333,0,3900,160.36,6994,7202.92,yes,M,59,south Bohemia,10045,classic
4,21,12,37,42910.8333333,0,0,236.716666667,0,8868.12,yes,M,49,south Bohemia,8402,classic
0,25,11,36,0,1928.57142857,26719.3333333,341.74,0,7976.27777778,yes,M,33,Prague,12541,classic
0,31,14,45,0,0,16182.625,182.933333333,1526,6576.18947368,yes,M,20,Prague,12541,junior
0,5,10,15,29783.6,0,700,205.2,0,15160,yes,M,42,north Bohemia,9272,no_card
1,41,16,58,31243.3333333,0,0,148.45,2417.33333333,7512.55416667,no,M,42,central Bohemia,8546,no_card
1,34,13,48,0,0,34529,230.866666667,3756.5,9094.15652174,yes,M,29,Prague,12541,no_card
1,19,13,33,15063.8333333,0,3300,150.4,0,4015.23,yes,M,51,north Moravia,10177,no_card
0,21,15,36,0,0,13686,97.85,14164,4192.5,yes,M,44,west Bohemia,10787,no_card
0,37,12,49,37052.1666667,0,0,278.25,4419,6972.63157895,yes,M,36,Prague,12541,no_card
0,5,9,14,0,0,15519,134.04,0,7760,no,M,23,north Moravia,9893,no_card
0,44,12,56,0,0,20829.1666667,194.133333333,1126.66666667,3944.90769231,yes,M,62,central Bohemia,9307,classic
0,26,15,41,0,0,4630.55555556,91,3115,1594.38,yes,M,60,east Bohemia,8388,no_card
0,46,12,58,31838.1666667,0,0,239.3,2383.75,6599.43636364,yes,M,56,south Moravia,8240,no_card
5,21,13,39,0,0,16882,118.466666667,0,6001.26923077,no,M,24,south Moravia,9624,gold
0,19,12,31,0,0,11122.5,55.5,6844,2114.43076923,yes,M,28,north Bohemia,9065,no_card
4,21,11,36,46686.1666667,0,0,322.12,1621.5,16183.5684211,yes,M,59,north Moravia,10177,classic
1,16,12,29,15097.3333333,0,0,124.216666667,0,5523.22352941,yes,M,22,south Moravia,9897,no_card
0,21,11,32,0,0,19002.5,169.766666667,0,5830.83809524,yes,M,42,south Moravia,8444,no_card
0,7,10,17,54244.4,0,400,223.025,0,26571.4285714,yes,M,62,north Moravia,10673,classic
0,19,12,31,0,0,13370.5,125.6,3468,4999.89333333,yes,M,23,Prague,12541,no_card
0,26,13,39,0,0,13330.8571429,149.783333333,2357,4684.82857143,yes,M,25,north Moravia,10177,classic
0,24,12,36,0,0,13707.5,179.816666667,1879.5,3390.2375,yes,M,46,east Bohemia,8363,no_card
0,13,13,26,0,0,17076.4285714,149.7,9768,6735.38181818,yes,M,35,east Bohemia,8388,no_card
0,15,12,27,0,0,24316.5,242.6,7264,9203.65,yes,M,19,Prague,12541,junior
3,37,11,51,33341.8333333,0,0,113.9,4754.33333333,5785.40909091,yes,M,56,west Bohemia,8930,classic
0,3,11,14,21614,0,1050,172.175,0,14600,yes,M,43,east Bohemia,8541,no_card
0,25,12,37,0,0,23056,181.42,5922,5614.36842105,yes,M,34,south Bohemia,8427,classic
2,31,18,51,0,0,20248.3333333,183.816666667,3110,9941.02857143,no,M,33,north Moravia,8110,no_card
0,21,19,40,0,0,25814.3846154,275.15,0,14251.4285714,yes,M,59,central Bohemia,8899,no_card
2,22,12,36,44457.8333333,0,0,278.683333333,0,11130.65,yes,M,48,south Bohemia,8402,classic
5,25,20,50,0,0,20343.8571429,253.35,13386,9220.375,yes,M,29,west Bohemia,8930,classic
0,10,11,21,0,0,33100.6,238.116666667,4625,13077.7777778,yes,M,54,north Bohemia,9675,no_card
0,6,9,15,0,0,25334,153.916666667,0,11700,no,M,41,north Moravia,8746,no_card
1,24,14,39,0,0,37084.875,292.8,0,12622.184,yes,M,35,west Bohemia,8843,no_card
0,18,10,28,0,0,31207.25,190.333333333,0,10698.5,yes,M,50,Prague,12541,no_card
2,43,11,56,0,0,16811,134.583333333,911.5,4037.88571429,yes,M,49,west Bohemia,8991,no_card
4,21,19,44,0,0,34161.4615385,285.466666667,0,17119.624,yes,M,49,central Bohemia,8598,classic
0,27,12,39,0,0,25616.5,265.683333333,5742,5756.55238095,yes,M,28,Prague,12541,no_card
3,20,12,35,42616.1666667,3000,0,273.35,0,11466.5454545,yes,M,25,central Bohemia,8507,classic
1,46,10,57,0,0,23968.4,110.72,1670,4466.30434783,yes,M,20,north Bohemia,8705,no_card
0,21,18,39,13084.5,0,8083.33333333,124.933333333,10707,2912.50666667,yes,M,41,east Bohemia,8187,no_card
0,48,14,62,0,0,15158,18.95,1295.04545455,2751.65384615,no,M,53,north Moravia,10177,no_card
0,25,13,38,0,0,9177.42857143,109.983333333,4723,2753.03157895,yes,M,19,north Moravia,9893,no_card
3,27,11,41,19969,0,0,132.416666667,3612,4842.9,yes,M,50,east Bohemia,8363,no_card
0,13,10,23,0,0,37331.4,254.14,2137.66666667,16392.92,yes,M,26,south Bohemia,8968,classic
0,46,11,57,0,0,21939.6666667,183.88,1873,3462.60714286,yes,M,33,north Moravia,10177,no_card
0,25,18,43,0,0,5631.66666667,89.9833333333,4613,2166.71578947,yes,M,43,west Bohemia,8594,no_card
0,24,14,38,0,0,13635.875,120.8,6448,3574.86666667,yes,M,45,north Bohemia,8705,no_card
2,23,17,42,0,0,28302.1666667,238.82,0,14239.72,yes,M,59,east Bohemia,9425,no_card
0,18,11,29,0,0,14332.2,208.483333333,0,8160.42222222,yes,M,21,east Bohemia,8363,no_card
1,17,12,30,27217.6666667,0,0,246.1,9554,9379.85333333,yes,M,44,south Moravia,8403,no_card
7,20,18,45,0,0,29421.25,162.95,0,10975.0962963,yes,M,41,Prague,12541,no_card
0,22,14,36,0,0,6137.75,106.166666667,4982,1802.8,yes,M,49,east Bohemia,8541,no_card
0,25,16,41,0,0,13087.2,157.316666667,0,4341.104,yes,M,53,central Bohemia,8546,no_card
0,40,17,57,0,0,8518.27272727,79.5166666667,1340.33333333,3629.43636364,yes,M,63,Prague,12541,no_card
4,34,19,57,52887.1666667,0,12300,183.233333333,0,8171.80526316,yes,M,26,south Moravia,9624,no_card
0,23,12,35,0,0,12503.8333333,184.133333333,5016,2890.72222222,yes,M,28,south Moravia,8441,no_card
0,28,17,45,0,0,10027.9090909,153.15,7067,3216.70909091,yes,M,35,Prague,12541,no_card
0,32,13,45,0,0,16371.8571429,168.133333333,3532,3681.83076923,yes,M,37,east Bohemia,8363,no_card
4,32,11,47,48640.5,3700,0,215.22,2202.5,11571.7826087,yes,M,21,north Moravia,8746,junior
0,7,12,19,15649,0,3000,154.28,0,7185.71428571,yes,M,49,south Moravia,8288,no_card
0,36,22,58,0,0,23558.0625,243.233333333,5462.5,14070,yes,M,63,central Bohemia,8507,no_card
0,37,12,49,0,2100,19345.8333333,201.866666667,1287.23529412,5803.75555556,yes,M,52,east Bohemia,8363,classic
1,29,14,44,0,0,22899.125,196.95,11222,5385.58333333,yes,M,42,east Bohemia,8363,no_card
0,24,11,35,23856.1666667,0,0,104.46,6869,6159.61111111,yes,M,28,west Bohemia,10787,no_card
1,31,12,44,45404.6666667,0,0,164.533333333,1554,12389.1,yes,M,47,south Moravia,8720,no_card
1,41,20,62,0,0,26072.6428571,225.6,3812.5,11157.5533333,yes,M,32,central Bohemia,9622,no_card
0,23,12,35,0,0,16558.75,153.95,7289,4024.35555556,yes,M,52,central Bohemia,9622,gold
0,30,14,44,0,0,10583.625,125.383333333,4049.5,3618.92,yes,M,47,Prague,12541,no_card
0,29,11,40,47393.6666667,0,0,205.3,7217,12467,yes,M,46,north Moravia,9893,classic
3,22,13,38,0,0,27007.625,259.78,0,9951.56,yes,M,50,north Moravia,10673,classic
2,28,14,44,0,0,18825.25,191.383333333,5907,7055.19166667,yes,M,60,central Bohemia,10124,no_card
0,22,18,40,0,0,7225.91666667,100.666666667,4247,3987.975,yes,M,28,central Bohemia,8980,no_card
5,24,18,47,0,0,26675.5833333,319.233333333,0,11745.9862069,yes,M,60,Prague,12541,no_card
5,46,13,64,52814.6666667,5200,900,252.366666667,2139,10091.1130435,yes,M,61,south Bohemia,8402,gold
0,32,12,44,0,0,25381.4166667,234.783333333,2345.5,6051.38,yes,M,41,south Moravia,8288,classic
0,20,12,32,0,0,18153.8333333,176.716666667,0,6905,yes,M,52,south Moravia,8512,no_card
0,3,11,14,0,0,15782.7857143,177.95,0,16100,yes,M,35,north Moravia,8909,classic
0,17,16,33,0,0,20245.1818182,207.92,7289.5,15600,yes,M,52,east Bohemia,8388,no_card
0,14,12,26,21071.8333333,0,0,162.2,0,8931.7,yes,M,40,central Bohemia,10124,no_card
0,16,7,23,0,0,24092,116.68,0,4892.975,no,M,19,east Bohemia,8254,no_card
5,40,13,58,44898.8333333,3000,2100,224.25,3292,7224.52307692,yes,M,27,east Bohemia,8208,classic
0,36,15,51,0,0,7827.88888889,114.15,3084.5,1417.81666667,yes,M,34,Prague,12541,no_card
2,12,11,25,0,0,22387,151.42,0,10924.2857143,no,M,54,south Moravia,8444,no_card
1,41,15,57,0,0,32754.4444444,251.883333333,1526,9573.58666667,yes,M,22,north Bohemia,8965,junior
3,17,13,33,34796.6666667,0,1900,178.266666667,14723,10833.2375,yes,M,63,south Bohemia,10045,no_card
0,20,12,32,27472.1666667,0,0,151.95,0,7609.38,yes,M,48,north Bohemia,10446,no_card
0,27,18,45,0,0,6977.33333333,168.066666667,4474,2913.6952381,yes,M,45,north Bohemia,8965,no_card
1,25,17,43,0,0,25207.1818182,229.583333333,0,8169.71538462,yes,M,46,east Bohemia,9060,no_card
1,17,12,30,0,0,11354.8333333,102.05,0,4296.81111111,no,M,27,south Moravia,8444,classic
1,22,15,38,0,0,26619.3333333,264.6,0,9826.63478261,no,M,60,west Bohemia,8843,no_card
1,33,16,50,0,0,13567.8,183.816666667,6619.5,3515.61818182,yes,M,63,south Moravia,9624,classic
1,20,13,34,0,0,30580.7142857,153.133333333,0,10312.9809524,yes,M,45,Prague,12541,no_card
0,27,12,39,0,0,22383.8333333,118.966666667,8197,5460.61904762,yes,M,42,north Moravia,10673,no_card
5,21,18,44,53907.8333333,0,0,133.458333333,0,12986.2538462,no,M,47,north Moravia,10673,no_card
4,47,12,63,49846.3333333,3300,0,260.733333333,1019.25,10191.3692308,yes,M,35,Prague,12541,classic
0,23,12,35,0,0,20289.75,127.45,9249,3288.2,yes,M,35,central Bohemia,8980,no_card
0,10,12,22,0,0,21449.4285714,160.66,414,11723.8444444,yes,M,46,north Moravia,10673,no_card
0,26,13,39,0,0,9726.85714286,146.416666667,1573.9,3659.9,yes,M,47,south Moravia,8288,no_card
3,49,12,64,22005.8333333,0,0,175.6,879.75,4237.25,yes,M,54,central Bohemia,8754,no_card
7,21,13,41,0,0,21914,198.2,0,6605.05714286,yes,M,35,south Moravia,8288,no_card
4,27,19,50,0,0,26865.4615385,246.916666667,0,12357.8709677,yes,M,37,east Bohemia,8388,no_card
1,18,9,28,0,0,35743,177.383333333,0,6458.52631579,yes,M,19,south Moravia,8757,no_card
1,25,12,38,36546.1666667,0,0,154.116666667,0,9452.56153846,yes,M,64,north Bohemia,9675,no_card
2,22,12,36,0,0,32392.3333333,189.75,0,8969.73333333,yes,M,58,south Bohemia,8427,no_card
0,15,13,28,0,0,15517.0714286,164.5,3373,6131.98333333,yes,M,48,central Bohemia,8899,no_card
6,28,15,49,18939.8333333,0,1633.33333333,141.6,2612,4109.89090909,yes,M,48,south Moravia,8757,no_card
2,26,14,42,0,0,25983.5,218.4,0,6847.34285714,yes,M,22,east Bohemia,8187,no_card
0,20,14,34,0,0,6237.125,114.6,3124,2205.71428571,yes,M,28,north Moravia,8994,no_card
3,37,15,55,17195.8333333,0,2375,102.06,3668,2589.36363636,yes,M,21,east Bohemia,9060,no_card
0,33,13,46,0,0,14892,225.983333333,2548,3446.07619048,yes,M,54,south Moravia,8240,no_card
1,23,17,41,0,0,28317.4545455,274.2,0,12436.5666667,yes,M,23,Prague,12541,classic
1,29,22,52,0,0,20200.0625,208.033333333,9503,9552.024,yes,M,45,north Bohemia,8965,no_card
0,24,17,41,0,0,6832.45454545,82.5666666667,0,2913.65,no,M,31,Prague,12541,no_card
0,29,16,45,0,0,12646.7,140.6,4508.5,4102.8,yes,M,35,south Moravia,9624,no_card
2,11,12,25,0,0,29001.8333333,155.3,0,12013.7846154,no,M,35,central Bohemia,8980,no_card
0,24,13,37,0,0,7536.71428571,110.816666667,1905.33333333,3601.53333333,yes,M,42,Prague,12541,no_card
0,4,9,13,0,0,15402.1,113.8,0,8550,yes,M,36,Prague,12541,no_card
5,30,12,47,32024.5,0,0,183.9,1594.4,9406,yes,M,23,north Bohemia,9065,no_card
2,33,12,47,34259.3333333,0,0,201.983333333,2550.5,7844.784,yes,M,50,central Bohemia,9920,no_card
0,42,14,56,0,0,10820.7777778,94.24,1735,2480.72222222,yes,M,59,south Moravia,9897,no_card
4,24,15,43,0,0,26677.5555556,142.7,0,10618.2357143,no,M,37,south Moravia,8240,no_card
3,31,16,50,0,0,25572.7,154.416666667,5666,7628.70909091,yes,M,57,Prague,12541,no_card
0,3,8,11,43292.25,0,1100,168.8,0,24700,yes,M,50,east Bohemia,8254,no_card
2,14,12,28,36252.6666667,0,0,323.983333333,0,12983.0875,yes,M,38,east Bohemia,8363,no_card
0,14,10,24,0,0,20549.75,44.0833333333,0,5234.82857143,yes,M,39,north Bohemia,9065,no_card
0,32,12,44,17508.8333333,0,0,74.6333333333,4983.41176471,3731.53333333,yes,M,27,central Bohemia,11277,no_card
0,31,21,52,0,0,27159.2666667,226.35,13428,12587.2,yes,M,60,west Bohemia,8561,no_card
0,12,19,31,34434.8333333,0,800,212.95,0,13902.4333333,yes,M,39,Prague,12541,no_card
1,17,13,31,0,0,21821,140.9,0,8847.6,no,M,61,south Moravia,9897,no_card
0,3,9,12,0,0,9567.16666667,92.8333333333,0,6766.66666667,yes,M,22,south Moravia,8720,no_card
2,19,11,32,20562.8333333,0,0,143.5,0,4329.0952381,yes,M,21,north Bohemia,9198,no_card
5,41,18,64,0,0,15829,153.1,1849.33333333,8085.37857143,yes,M,60,east Bohemia,8363,no_card
0,3,9,12,0,0,9252,82.6,0,6866.66666667,no,M,31,central Bohemia,9622,no_card
0,37,11,48,0,0,19656,145.86,1209,4471.21052632,yes,M,39,south Moravia,9897,classic
1,16,17,34,0,0,30853,265.5,14448,18977.5866667,yes,M,53,central Bohemia,8546,no_card
1,31,6,38,0,0,15952,105.825,2337,2463.98823529,no,M,61,east Bohemia,8187,no_card
0,20,17,37,0,0,10407.4545455,140.083333333,8753,3306.25714286,yes,M,26,Prague,12541,no_card
0,33,16,49,0,0,8122.45454545,144.66,1747.66666667,3430.2,yes,M,48,south Moravia,8544,no_card
0,6,10,16,48521,0,900,239.375,9516,29040,yes,M,40,south Moravia,8512,no_card
4,19,13,36,26490.8333333,0,1400,161.25,12006,7255.83157895,yes,M,32,south Moravia,8757,no_card
0,21,18,39,0,0,9499.91666667,199.85,6646,3904.50666667,yes,M,26,north Moravia,8909,no_card
3,16,19,38,0,0,24788.5384615,153.466666667,4797,15332,yes,M,43,south Moravia,9624,no_card
0,23,24,47,0,0,27309.8888889,199.45,0,18508.8217391,no,M,54,south Moravia,8814,no_card
2,21,17,40,0,0,26495,205.683333333,0,12748.5913043,yes,M,50,west Bohemia,8843,classic
1,27,15,43,0,0,26850.5555556,302.216666667,6135,8391.8,yes,M,51,north Moravia,10673,classic
4,21,15,40,0,0,23373,202.48,12756,6506.63157895,yes,M,57,north Bohemia,8965,classic
3,21,12,36,48832.3333333,0,0,352.783333333,0,12544.9416667,yes,M,53,north Moravia,8173,gold
4,25,11,40,36797.2,0,0,140.866666667,7802,6551.08333333,yes,M,31,north Moravia,10673,no_card
0,30,17,47,0,0,8140.63636364,76.3,3612.5,2184.86666667,yes,M,48,south Bohemia,8114,no_card
0,53,12,65,0,0,26351,173.983333333,2120.75,3637.50344828,yes,M,43,north Moravia,8746,no_card
0,5,12,17,0,0,24122.4285714,222.42,0,25000,yes,M,32,north Bohemia,10446,classic
0,24,17,41,0,0,7891.45454545,98.6,5005,3679.31111111,yes,M,38,Prague,12541,no_card
1,12,13,26,0,0,23749.6666667,202.075,0,14365.8615385,yes,M,35,south Moravia,8544,no_card
2,18,13,33,0,0,10506.5714286,157.816666667,0,4753.88,yes,M,28,south Moravia,8441,classic
4,32,21,57,0,0,25075.4,341.633333333,0,12439.4888889,yes,M,29,south Bohemia,10045,classic
0,3,7,10,0,0,21282.75,120.066666667,0,16866.6666667,no,M,64,north Moravia,8746,no_card
1,21,12,34,15564.1666667,0,0,125.233333333,4556,3860.3125,yes,M,31,south Bohemia,8114,no_card
0,32,12,44,0,0,26460.4166667,250.666666667,4435.45454545,5243.21904762,yes,M,37,east Bohemia,8390,no_card
0,38,12,50,0,0,15537.1666667,136.85,2403.33333333,3091.38,yes,M,27,west Bohemia,8991,no_card
5,23,16,44,0,0,32314.4,237.133333333,0,10940.8428571,yes,M,24,east Bohemia,8187,junior
4,20,21,45,0,0,29101.2,257.016666667,10479,18346.9238095,yes,M,55,north Moravia,9893,classic
0,40,12,52,0,0,9349.16666667,97.25,1048,1815.8,yes,M,52,south Moravia,8772,no_card
0,31,14,45,0,0,15676.875,130.766666667,0,3758.95483871,yes,M,35,south Moravia,8720,no_card
0,25,14,39,0,0,22727.75,169.1,8723,7174.38,yes,M,26,central Bohemia,8899,classic
0,3,9,12,0,0,10056,104.3,0,5300,yes,M,52,west Bohemia,8561,classic
0,6,10,16,0,0,17161.5714286,154.7,12260,8182.92,yes,M,23,Prague,12541,classic
0,22,17,39,0,0,22936,179.066666667,0,11988.3545455,no,M,33,central Bohemia,8980,no_card
1,19,9,29,0,0,46763,134.4,0,8409.03,yes,M,29,central Bohemia,8899,no_card
2,22,12,36,23705.5,0,0,173.233333333,0,4850.75,yes,M,48,north Moravia,8909,classic
0,24,18,42,0,0,4614.58333333,98.7333333333,1794.36363636,3719.46153846,yes,M,19,central Bohemia,9753,no_card
1,7,10,18,31480,0,800,233.15,1279,17088.1666667,yes,M,46,south Moravia,8288,no_card
1,36,12,49,22022,0,0,142.366666667,4765.5,3140.824,yes,M,42,north Moravia,10177,no_card
1,5,10,16,50444.8,0,400,181.125,0,26901.1666667,yes,M,44,central Bohemia,11277,classic
0,12,11,23,30849.6,0,0,136.783333333,13462,12932.92,yes,M,49,north Moravia,8746,no_card
0,11,12,23,38720.5,0,600,171.62,2720.5,18112.7333333,yes,M,40,central Bohemia,8507,no_card
1,8,12,21,0,0,30756.3333333,195.233333333,0,15926.2888889,yes,M,46,south Moravia,9897,classic
0,24,12,36,0,0,25395.5,79.2333333333,0,5730.31666667,yes,M,51,south Moravia,8512,no_card
0,3,8,11,29445,0,400,181.266666667,0,13866.6666667,yes,M,39,east Bohemia,8369,no_card
0,38,16,54,0,0,11638.5,93.7,1831.75,4493.4,no,M,37,north Moravia,8994,no_card
0,21,15,36,0,0,4009.44444444,113.95,0,1917.06666667,yes,M,20,west Bohemia,10787,no_card
4,20,13,37,11590.5,0,800,134.183333333,0,3375.06666667,yes,M,31,south Bohemia,9045,no_card
0,5,12,17,0,0,24336.7142857,150.64,0,16520,yes,M,47,east Bohemia,8363,no_card
0,29,17,46,0,0,7303.72727273,128.85,4794,2833.65,yes,M,35,east Bohemia,9538,no_card
7,21,18,46,45391.6666667,0,0,124.108333333,0,10126.45,no,M,21,north Moravia,8110,no_card
4,37,13,54,41212.1666667,2000,2300,192.933333333,4668,5904.02142857,yes,M,20,central Bohemia,9307,junior
0,4,9,13,29255,0,800,143.375,0,16300,yes,M,64,south Bohemia,10045,classic
0,36,12,48,0,0,16814.5,120.5,1873.11764706,3014.08421053,yes,M,29,east Bohemia,8388,no_card
6,29,16,51,0,0,21552,189.283333333,1743.5,7922.15652174,yes,M,48,east Bohemia,8187,no_card
1,19,13,33,0,0,21801.1428571,135.383333333,4710,8341.025,yes,M,20,east Bohemia,9425,no_card
0,20,11,31,39258.8333333,0,0,228.34,0,11458.65,yes,M,55,north Bohemia,8705,gold
0,4,11,15,0,0,19243.625,196.733333333,8309,22400,yes,M,62,south Moravia,8441,no_card
0,28,11,39,0,0,25249.1666667,183.62,4930,6064.22727273,yes,M,26,south Moravia,9897,no_card
0,4,11,15,0,0,15785.3333333,216.02,0,10625,yes,M,33,Prague,12541,no_card
3,23,11,37,0,0,22759.6,162.4,0,5734.96153846,no,M,60,south Bohemia,8547,no_card
2,34,12,48,29825.1666667,0,0,103.233333333,6677.5,4321.73333333,yes,M,41,Prague,12541,classic
4,37,26,67,0,0,31583.2,306.883333333,9292,15746.5028571,yes,M,36,south Moravia,8240,no_card
0,37,15,52,0,0,5612.66666667,116.516666667,1590,1283.55789474,yes,M,19,south Moravia,9897,no_card
0,3,9,12,0,0,20903.3333333,158.5,0,22066.6666667,no,M,46,central Bohemia,8598,no_card
0,49,12,61,0,0,25955.5,265.016666667,2497.45454545,4541.76296296,yes,M,31,central Bohemia,8546,no_card
0,36,15,51,0,0,7528.72222222,135.8,1770.5,2111.98333333,yes,M,35,north Moravia,8994,no_card
4,21,16,41,0,0,24394.9,187.366666667,3008,10954.88,yes,M,59,Prague,12541,classic
0,25,12,37,0,0,8002.16666667,159.55,4208,2522.65,yes,M,51,south Moravia,8757,no_card
3,41,16,60,0,0,30901.1,188.1,1537,8884.19230769,yes,M,56,north Moravia,9893,classic
0,27,12,39,0,0,6924.66666667,111.233333333,4261,1542.26666667,yes,M,59,central Bohemia,9307,no_card
2,5,9,16,0,0,25972,169.7,0,13162.5142857,yes,M,53,south Moravia,9897,classic
5,22,12,39,0,0,14262.3333333,165.666666667,0,5680.20740741,yes,M,57,north Moravia,8819,no_card
0,17,13,30,0,0,30247.375,159.16,7905,12949.2857143,yes,M,43,central Bohemia,8598,classic
3,22,18,43,50606.8333333,0,0,197.808333333,0,12444.712,no,M,63,Prague,12541,classic
0,43,12,55,0,0,16777.5833333,144.366666667,1639.75,2556.18947368,yes,M,50,south Moravia,8743,classic
7,22,12,41,53821.1666667,0,0,259.466666667,0,10077.7931034,yes,M,42,north Moravia,8909,no_card
0,9,19,28,0,0,25802.3636364,194.25,0,22822.2222222,yes,M,27,north Moravia,8994,no_card
0,22,17,39,0,0,5289.81818182,118.916666667,3950,2252.975,yes,M,23,south Moravia,9624,no_card
1,19,18,38,0,0,18232,97.75,0,7495.98,no,M,26,central Bohemia,9753,no_card
0,26,13,39,0,0,19477,209.433333333,4026.5,5447.44545455,yes,M,33,east Bohemia,8208,no_card
3,22,12,37,48478.1666667,0,0,324.8,0,11073.464,yes,M,29,east Bohemia,8254,no_card
2,31,12,45,48990.5,0,0,247.816666667,9649,9182.87407407,yes,M,29,south Bohemia,9045,no_card
5,18,12,35,32572.5,0,4400,119.22,0,9999.65217391,yes,M,43,east Bohemia,9538,no_card
1,37,16,54,0,0,28591.5,170.016666667,2638.66666667,11089.7391304,yes,M,49,north Bohemia,9317,no_card
0,3,10,13,16907.75,0,2800,108.75,0,12366.6666667,yes,M,39,west Bohemia,8594,no_card
0,28,12,40,0,0,26334.75,159.366666667,9191,4199.43636364,yes,M,46,central Bohemia,9753,no_card
3,28,14,45,27471.1666667,0,4850,137.883333333,7187.5,4695.57894737,yes,M,59,north Moravia,8369,no_card
1,28,14,43,16180.6666667,0,3850,110.216666667,8754,2874.47826087,yes,M,36,east Bohemia,8254,no_card
1,14,12,27,0,0,7848.16666667,140.433333333,0,2829.17333333,yes,M,46,east Bohemia,9538,no_card
1,43,16,60,0,0,34061.3,212.266666667,1529,11521.5230769,yes,M,25,south Moravia,8512,no_card
2,14,16,32,0,0,19377.2727273,169.52,0,9741.05,no,M,51,west Bohemia,8991,no_card
1,30,12,43,0,0,17006.5,48.4333333333,3732.33333333,3882.21538462,no,M,21,central Bohemia,9307,junior
1,24,12,37,14209,0,0,152.066666667,901.75,4422.75384615,yes,M,28,north Moravia,8994,no_card
0,27,18,45,0,3600,24833.0833333,254.716666667,6342,12970.8380952,yes,M,45,south Moravia,8720,classic
4,21,12,37,39465.8333333,0,0,184.466666667,0,9617.704,yes,M,46,Prague,12541,no_card
0,31,17,48,0,0,5548.09090909,112.133333333,1881,2341.45263158,yes,M,57,east Bohemia,9425,no_card
1,21,12,34,0,0,19212.5,238.033333333,11314,5310.96666667,yes,M,42,south Bohemia,9045,no_card
5,33,12,50,51685.8333333,0,0,266.166666667,11878,7272.3030303,yes,M,56,central Bohemia,8598,no_card
5,42,12,59,24035.8333333,0,0,187.566666667,885.5,6099.34782609,yes,M,56,central Bohemia,8899,no_card
5,16,18,39,0,0,25548.5384615,194.26,6049,14156.7529412,yes,M,37,south Bohemia,9045,classic
0,12,10,22,0,0,3620,75.64,0,1541.66666667,yes,M,55,south Bohemia,8402,classic
1,36,19,56,0,0,25722.2307692,339.933333333,3450,11463.144,yes,M,20,south Moravia,8720,junior
0,26,13,39,0,0,13031,128.65,0,3685.88461538,yes,M,51,south Moravia,8814,no_card
6,16,16,38,0,0,11810.5,194.866666667,0,7782.72727273,yes,M,19,central Bohemia,9307,no_card
0,13,12,25,26704.1666667,0,0,217.816666667,10530,8863.63636364,yes,M,36,central Bohemia,10124,no_card
3,26,13,42,0,0,22753.1428571,257.4,10120,7242.15652174,yes,M,48,Prague,12541,no_card
0,25,14,39,0,0,9187.1875,121.166666667,0,3093.104,no,M,28,east Bohemia,8388,no_card
3,42,12,57,31492.5,0,0,208.966666667,1260.0952381,7096.125,yes,M,60,south Bohemia,10045,no_card
3,25,14,42,0,0,22059.875,223.916666667,0,8103.83928571,no,M,40,east Bohemia,8363,no_card
2,11,14,27,0,0,21742.3333333,268.32,0,11983,yes,M,29,north Moravia,10673,no_card
0,11,12,23,0,0,18311.1428571,191.94,4278,7770.51111111,yes,M,31,Prague,12541,no_card
1,21,10,32,0,0,16150.25,121.583333333,0,4970.02727273,yes,M,32,north Moravia,10177,no_card
3,19,16,38,0,0,16631.6,175.05,0,6711.07272727,yes,M,28,central Bohemia,9307,no_card
3,27,12,42,35310.1666667,0,0,186.866666667,0,7011.55333333,yes,M,42,central Bohemia,8980,gold
1,24,13,38,19999.5,0,9600,148.533333333,9846,3715.82105263,yes,M,36,east Bohemia,8390,no_card
1,11,20,32,11812.6666667,0,2600,104.358333333,0,4653.1,no,M,35,south Bohemia,9045,no_card
0,32,12,44,0,0,23195.1666667,212.866666667,4685,4187.98461538,yes,M,55,west Bohemia,8561,classic
4,43,12,59,38254.6666667,0,900,255.04,2420,8133.86956522,yes,M,37,east Bohemia,8187,classic
0,31,12,43,0,0,17602,156.816666667,3003.90909091,3571.38,yes,M,42,south Moravia,8720,no_card
0,25,12,37,0,0,21706.75,189,0,5592.304,yes,M,29,east Bohemia,9538,gold
8,23,19,50,0,0,24854.6923077,204.1,0,10325.0645161,no,M,59,north Moravia,8909,no_card
0,40,12,52,0,0,23903.8333333,157.316666667,2990.33333333,4453.98181818,yes,M,61,Prague,12541,no_card
0,24,18,42,0,0,5901.25,73.7333333333,0,3251.98333333,no,M,50,south Moravia,8772,no_card
0,32,12,44,0,0,23201.75,197.166666667,8521,3665.67692308,yes,M,36,Prague,12541,no_card
4,33,15,52,40493.8333333,0,3933.33333333,189.866666667,10608,6323.47096774,yes,M,24,west Bohemia,8991,classic
0,16,15,31,0,0,5149.11111111,48.0333333333,0,2980.475,no,M,25,south Bohemia,8402,no_card
7,23,21,51,0,0,24347.9090909,123.43,0,9870.26666667,no,M,22,central Bohemia,8546,no_card
0,2,10,12,0,0,6493.71428571,97.2666666667,0,4050,yes,M,26,west Bohemia,8843,no_card
0,25,21,46,0,0,30318.5555556,201.308333333,0,10583.2,no,M,62,Prague,12541,no_card
0,10,12,22,18312.6666667,0,4700,102.68,10869,9690.51111111,yes,M,36,south Moravia,9897,no_card
0,29,12,41,0,0,24957.8333333,180.616666667,7847,4877.81666667,yes,M,41,north Moravia,10673,classic
1,26,17,44,0,0,19457.4166667,231.72,9523,8491.47619048,yes,M,57,north Bohemia,9675,classic
0,4,7,11,0,0,3890,105,0,2550,no,M,42,north Moravia,8110,no_card
1,23,12,36,43183.8333333,0,0,227.233333333,0,9676.625,yes,M,39,north Moravia,10673,no_card
6,36,23,65,0,0,29397.1764706,296.183333333,7274,13656.35,yes,M,62,central Bohemia,9307,classic
1,9,9,19,0,0,25421.6666667,171.733333333,0,8235.52,yes,M,37,north Bohemia,8965,classic
0,25,18,43,0,0,35781.0833333,293.616666667,0,15083.504,yes,M,50,south Moravia,9624,no_card
0,39,11,50,0,0,26865.3,198.5,3285,4502.5037037,yes,M,46,west Bohemia,10787,classic
4,25,13,42,36613.5,0,6100,173.45,13076,6459.80869565,yes,M,37,central Bohemia,8980,no_card
0,22,12,34,0,0,12696.6666667,174.2,0,3513.98181818,yes,M,53,central Bohemia,8754,gold
4,19,12,35,19608.3333333,0,0,136.85,0,4885.76521739,yes,M,33,east Bohemia,9060,no_card
0,4,9,13,0,0,21684.8,184.975,0,18200,no,M,41,west Bohemia,8930,no_card
0,23,15,38,0,0,9865.77777778,121.533333333,0,3090.76521739,yes,M,21,north Moravia,10177,no_card
0,27,13,40,0,0,35336.4285714,204.383333333,4891,11199.4095238,yes,M,41,Prague,12541,no_card
2,17,18,37,0,0,23776.75,218.683333333,0,11861.3368421,yes,M,23,Prague,12541,no_card
0,37,18,55,0,0,3726.04166667,88.6833333333,916.666666667,955.136842105,yes,M,48,north Bohemia,9675,no_card
3,17,14,34,0,0,9882.375,149.85,0,4409.03,yes,M,24,east Bohemia,8187,classic
3,27,13,43,41657.5,0,900,335.633333333,0,9006.35333333,yes,M,23,south Moravia,8814,no_card
4,25,16,45,0,0,19996,205.616666667,0,8319.74482759,no,M,53,central Bohemia,9753,no_card
0,27,13,40,0,0,17575.2857143,160.083333333,8606,3723.21904762,yes,M,33,central Bohemia,8546,no_card
0,8,13,21,0,0,21192.1428571,226.816666667,0,9478.65,yes,M,35,central Bohemia,9920,classic
2,15,18,35,0,0,21898,194.66,0,13715.7882353,yes,M,34,north Moravia,10673,classic
2,20,13,35,0,0,24389.375,203.48,0,8239.13636364,yes,M,33,north Bohemia,8965,no_card
0,30,20,50,0,0,26944.0714286,237.433333333,10755,12970.3166667,yes,M,21,Prague,12541,junior
1,29,22,52,0,0,28511.1875,239.733333333,2752.5,17811.2454545,no,M,23,south Bohemia,8427,no_card
4,16,13,33,0,0,36611.5714286,170.533333333,0,10697.82,yes,M,32,Prague,12541,classic
3,25,17,45,0,0,31285.9090909,247.85,0,12668.9142857,yes,M,33,south Moravia,9897,no_card
6,18,12,36,31549.8333333,0,0,184.75,0,9141.98333333,yes,M,41,south Moravia,8814,no_card
0,1,10,11,0,0,6031.42857143,70.3333333333,0,3600,yes,M,49,south Bohemia,8427,no_card
0,29,18,47,17226.1666667,0,4550,120.166666667,6403.5,2458.09411765,yes,M,34,north Bohemia,8867,no_card
2,21,14,37,0,0,17748.25,161.9,0,8533.82608696,yes,M,28,central Bohemia,9307,no_card
0,36,12,48,0,0,14522.0833333,184.033333333,1156,3532.64444444,yes,M,20,north Bohemia,8965,no_card
1,24,15,40,14938.1666667,0,4133.33333333,88.2666666667,0,3928.04,no,M,36,north Moravia,8994,no_card
0,19,11,30,20533.5,0,0,204.24,0,6193.31578947,yes,M,23,south Moravia,8544,no_card
0,42,14,56,0,0,10156.8125,142.783333333,1330.66666667,2571.15,yes,M,55,Prague,12541,no_card
0,39,13,52,0,0,23922,108.8,3438.66666667,3736.80952381,yes,M,20,east Bohemia,9425,no_card
0,30,12,42,0,0,11242.8333333,137.616666667,2282.5,2804.86666667,yes,M,33,south Moravia,8441,no_card
2,21,11,34,34870,0,0,252.6,0,8507.73913043,yes,M,30,central Bohemia,8980,no_card
2,24,11,37,24357,0,0,155.316666667,4585,6048.26666667,yes,M,20,north Moravia,10673,junior
0,17,12,29,0,0,26209.0833333,278.15,0,9002.25882353,yes,M,39,north Bohemia,9832,classic
0,4,8,12,0,0,20599.8,135.466666667,0,14225,yes,M,33,north Bohemia,9198,classic
2,25,13,40,0,0,35265.8571429,217.8,13167,9579.88571429,yes,M,31,north Bohemia,8965,no_card
0,9,12,21,39099.6666667,0,400,161,0,14846.0666667,yes,M,56,east Bohemia,8541,classic
0,16,12,28,53645.5,0,0,162.116666667,0,20245.575,yes,M,20,north Moravia,8173,junior
0,2,9,11,10660,0,1700,70.8666666667,0,3600,no,M,52,south Moravia,8743,no_card
0,43,15,58,0,0,9549.66666667,95.85,1837.22727273,1856.55238095,yes,M,54,south Moravia,8720,no_card
1,39,13,53,31736.1666667,0,1500,108.183333333,4176.66666667,5636.16363636,yes,M,28,Prague,12541,no_card
1,18,18,37,0,0,21583.25,223.733333333,14581,11145.7333333,yes,M,42,east Bohemia,8369,no_card
0,39,16,55,0,0,3475.5,97.25,724.5,941.84,yes,M,51,south Moravia,8743,no_card
0,41,12,53,0,0,29998,173.733333333,1287.33333333,7320.86956522,yes,M,60,central Bohemia,8754,no_card
2,12,13,27,22366.5,0,2100,247.1,0,9019.27142857,yes,M,58,north Moravia,8678,classic
0,23,11,34,0,0,26866.6666667,198.82,6110,6460.76470588,yes,M,45,Prague,12541,no_card
5,21,17,43,27017.1666667,0,3520,199.616666667,8089,4866.4,yes,M,28,central Bohemia,9920,no_card
2,48,16,66,0,0,21339.9,256.45,1495.25,5923.76923077,yes,M,32,north Moravia,8909,no_card
0,41,11,52,0,0,25290,162.45,1488.95652174,4802.64444444,yes,M,56,central Bohemia,9307,no_card
0,23,15,38,0,0,5617.77777778,114.816666667,5394,1685.15294118,yes,M,44,east Bohemia,8208,no_card
1,26,12,39,16481.8333333,0,0,102.65,9136,2493.07619048,yes,M,51,south Bohemia,8114,no_card
0,9,12,21,0,0,14052.3571429,109.22,1900,8621.825,yes,M,59,north Moravia,10177,no_card
0,11,11,22,0,0,32128.6666667,168.8,4603,17692.1333333,yes,M,46,central Bohemia,9622,no_card
3,25,12,40,21922.3333333,0,0,145.05,7266,4748.46086957,yes,M,54,Prague,12541,no_card
0,20,27,47,16400.5,0,2966.66666667,103.606666667,0,5963.65,no,M,60,south Bohemia,9104,no_card
1,38,16,55,0,0,25006.5,257.666666667,2597.8125,10702.8521739,yes,M,37,north Moravia,9893,no_card
1,30,16,47,14994.5,0,2025,152.733333333,2282.38461538,4523.11111111,yes,M,59,south Bohemia,8402,no_card
9,23,23,55,0,0,17657.6363636,131.883333333,0,7214.95625,yes,M,60,south Moravia,9624,no_card
0,32,18,50,0,0,3881.58333333,92.8833333333,1388.5,1315.38,yes,M,43,west Bohemia,8930,no_card
2,16,13,31,24698.8333333,0,700,140.333333333,10279,8853.12,yes,M,44,north Bohemia,10446,no_card
0,3,14,17,0,0,15891.5,61.4375,0,15666.6666667,yes,M,41,south Moravia,8288,no_card
0,29,18,47,0,0,9779.91666667,122.616666667,3536,4336.91764706,yes,M,32,south Moravia,9897,no_card
2,38,12,52,22722.8333333,0,0,180.683333333,1369.33333333,5304.07272727,yes,M,27,east Bohemia,9425,no_card
0,24,18,42,0,0,5099.91666667,126.116666667,4112,1171.53333333,yes,M,26,south Moravia,8772,no_card
3,22,11,36,41926.1666667,0,0,246.72,0,10736.12,yes,M,24,north Moravia,8994,no_card
1,33,12,46,20785.8333333,0,0,115.5,3438.5,3911.84545455,yes,M,24,south Moravia,8444,no_card
3,44,19,66,0,0,19971.5384615,241.4,1528.72727273,8998.264,yes,M,25,south Bohemia,8427,no_card
5,33,24,62,0,0,21473.1666667,190.4,5062,11116.3692308,yes,M,50,south Bohemia,9104,no_card
0,33,13,46,0,0,14770.3571429,120.816666667,6020,2527.68888889,yes,M,49,Prague,12541,no_card
5,29,12,46,43411.3333333,2800,0,293.25,0,7990.13939394,yes,M,29,south Moravia,8544,classic
0,27,12,39,0,0,23995.8333333,143.483333333,9629,3481.25454545,yes,M,56,north Moravia,9893,no_card
2,35,14,51,0,0,16631.5,156.45,1701,4604.784,yes,M,58,north Bohemia,9317,no_card
0,6,10,16,0,0,22259,131,0,14966.6666667,yes,M,21,east Bohemia,8369,junior
2,35,18,55,0,0,22907.75,236.7,4430,8314.464,yes,M,41,Prague,12541,no_card
2,28,12,42,0,0,22315.5,171.216666667,8418,5066.70833333,yes,M,44,east Bohemia,8187,no_card
2,26,13,41,24624.1666667,0,12900,174.75,0,6045.16428571,yes,M,52,central Bohemia,8598,classic
3,28,13,44,46356.8333333,0,2400,286.483333333,0,8212.35483871,yes,M,49,south Bohemia,8402,classic
1,23,13,37,0,0,18357.5714286,99.9666666667,10160,3988.25555556,yes,M,57,central Bohemia,8507,classic
5,24,16,45,0,2940,19399.6,202.6,0,9938.73333333,yes,M,31,north Moravia,10673,classic
1,25,11,37,0,0,26634.6,105.916666667,8217,3811.35,yes,M,50,east Bohemia,8363,no_card
3,23,14,40,0,0,21429.75,200.6,0,6972.11538462,yes,M,41,west Bohemia,8624,no_card
1,24,16,41,0,0,26877.8181818,288.04,0,12614.96,yes,M,54,south Moravia,9624,gold
3,40,17,60,0,0,24273.3636364,220.633333333,1313.33333333,8012.6,yes,M,54,south Bohemia,8402,no_card
0,47,14,61,0,0,7915.125,91.8166666667,1425.75,1495.11304348,yes,M,51,north Bohemia,8965,no_card
0,0,5,5,0,0,4500,0,0,0,no,M,29,south Moravia,8441,no_card
5,11,12,28,34598.5,0,0,161.366666667,0,12195.1375,yes,M,48,north Bohemia,8705,no_card
4,44,12,60,41284.8333333,0,0,185.15,3112,6412.15333333,yes,M,22,north Bohemia,8867,no_card
2,23,12,37,39066.1666667,0,0,317.166666667,0,9433.144,yes,M,47,east Bohemia,8363,gold
0,6,12,18,0,0,14842.9285714,127.88,26,12322.92,yes,M,45,north Bohemia,9675,classic
0,20,16,36,0,0,5047.1,98.8333333333,4304,820.542857143,yes,M,48,west Bohemia,8624,no_card
3,30,18,51,0,2100,22362,204.7,3742.5,9612.03,yes,M,30,west Bohemia,8561,classic
0,17,13,30,0,0,10085.875,95.98,6327,4324.81818182,yes,M,39,north Moravia,10177,no_card
0,7,12,19,0,0,19073.4444444,207.3,0,15475.7142857,yes,M,49,north Moravia,8173,no_card
2,32,22,56,0,0,23897.9375,169.516666667,6109.5,10364.4818182,yes,M,35,east Bohemia,8541,classic
1,20,11,32,0,0,29014.5,230.44,7268,7075.67058824,yes,M,54,south Moravia,8743,no_card
1,18,17,36,0,0,29437.1666667,178.463636364,0,9608.36842105,no,M,32,south Moravia,9897,no_card
4,25,16,45,0,0,21408.4,240.833333333,7158,8982.46086957,yes,M,32,central Bohemia,8899,no_card
3,27,17,47,0,0,21589.6363636,162.35,0,6836.42,yes,M,29,central Bohemia,10124,no_card
0,6,12,18,0,0,18926.5714286,150.48,0,14152.4333333,yes,M,57,north Bohemia,9198,classic
5,27,12,44,38818,0,2100,267.883333333,0,7795.65625,yes,M,32,west Bohemia,8561,no_card
0,28,12,40,0,0,23850.6666667,271.266666667,5215,4539.43636364,yes,M,32,east Bohemia,9538,classic
0,30,12,42,0,0,13904.1666667,230.133333333,1638.33333333,8650.56,yes,M,27,central Bohemia,8899,classic
0,16,10,26,0,0,32249,203.5,0,8679.5625,yes,M,58,north Moravia,10673,classic
4,25,13,42,28210,0,900,214.216666667,0,5543.72413793,yes,M,31,west Bohemia,8930,no_card
2,30,17,49,0,0,22108.9166667,192.92,6131,8604,no,M,54,west Bohemia,8991,no_card
1,29,13,43,0,0,29418.7142857,119.05,5483.72727273,6796.76842105,no,M,49,north Moravia,8746,no_card
0,26,13,39,0,0,8829.42857143,66.4333333333,6216,1437.38,yes,M,41,south Moravia,9897,no_card
0,9,11,20,50608.8,0,600,204.82,5665,25064.325,yes,M,37,north Moravia,8110,no_card
0,33,12,45,0,0,20195.5,127.433333333,3226,3842.26666667,yes,M,26,south Moravia,8444,no_card
0,30,14,44,0,0,28349.375,230.25,8305,8570.31666667,yes,M,31,north Bohemia,9065,classic
0,27,12,39,0,0,22329.6666667,165.133333333,6184,4957.5047619,yes,M,34,east Bohemia,8390,classic
0,32,12,44,43099.3333333,0,0,325.5,5843,9579,yes,M,35,east Bohemia,9060,no_card
0,3,9,12,0,0,10053.8333333,99.0666666667,0,7566.66666667,yes,M,30,west Bohemia,10787,no_card
0,31,14,45,0,0,9384.75,86.2833333333,2861.5,1922.50526316,yes,M,19,west Bohemia,8843,no_card
2,25,13,40,44243.3333333,0,1300,289.1,0,10340.8518519,yes,M,23,Prague,12541,junior
2,25,22,49,19611.5,0,1700,85.6533333333,0,5036.46296296,no,M,61,east Bohemia,8187,no_card
4,22,12,38,40554.5,0,0,209.466666667,0,9803.44615385,yes,M,23,west Bohemia,8930,junior
0,3,14,17,24703.75,0,1300,154.1,0,19600,yes,M,19,central Bohemia,8598,no_card
0,33,19,52,0,0,11979.5,96.2166666667,3934.5,1691.79047619,yes,M,24,south Moravia,8444,no_card
2,20,20,42,0,0,21807.375,183.733333333,0,9634.34545455,yes,M,59,north Moravia,10177,no_card
0,4,13,17,30967,0,1100,92.5375,0,20225,yes,M,41,east Bohemia,8541,no_card
0,29,21,50,0,0,8205.88888889,112.016666667,7041,1442.06956522,yes,M,29,north Moravia,8909,no_card
2,24,19,45,0,0,30969.6666667,248.42,3321.5,12304.85,yes,M,20,Prague,12541,junior
0,33,16,49,0,0,22877.8333333,198.11,3708,4604.92592593,yes,M,37,east Bohemia,9060,no_card
0,27,24,51,0,0,26176.6923077,229.6,3095,14050.4421053,yes,M,38,west Bohemia,8843,no_card
4,35,28,67,0,0,27765.9375,220.75,4389.5,11930.0592593,no,M,23,south Bohemia,10045,no_card
0,38,20,58,0,0,18390.625,114.816666667,2616.33333333,4371.38,yes,M,34,south Bohemia,8547,no_card
1,31,19,51,23902.6666667,0,800,128.725,4659.5,4101.84545455,yes,M,56,south Bohemia,8547,no_card
0,2,13,15,0,0,5530.57142857,75.5166666667,0,4150,yes,M,35,south Bohemia,8114,no_card
0,33,19,52,0,0,16462.7142857,125.858333333,3835,3715.0962963,yes,M,51,east Bohemia,8541,no_card
0,24,19,43,0,0,10360.4285714,137.241666667,4403,1991.53333333,yes,M,44,central Bohemia,8507,classic
0,17,18,35,0,0,16544.6666667,132.566666667,0,5526.96470588,yes,M,62,north Moravia,10177,no_card
2,27,18,47,40458.1666667,0,0,177.083333333,13711,6629.72173913,yes,M,54,west Bohemia,8624,no_card
5,31,18,54,50396.6666667,0,0,218.708333333,0,9309.6,yes,M,19,south Moravia,9897,no_card
0,25,24,49,0,0,24584.9166667,288.95,0,13083.504,yes,M,47,east Bohemia,9538,classic
4,31,28,63,0,0,25615.1111111,233.45,0,11804,yes,M,54,south Bohemia,10045,classic
0,2,8,10,0,0,16118.5,44.1,0,10600,yes,M,64,Prague,12541,no_card
4,38,19,61,41566.5,0,600,235.55,6326.5,6359.32,yes,M,50,north Moravia,9893,no_card
0,18,17,35,0,0,10012.7142857,27.52,5103.54545455,739.971428571,no,M,57,north Moravia,10673,no_card
0,38,26,64,0,0,32935.9285714,270.608333333,8151,12871.4875,yes,M,28,south Moravia,9624,classic
4,19,18,41,18567,0,600,101.65,0,5765.69565217,yes,M,37,east Bohemia,8369,no_card
0,26,19,45,0,0,16134.1428571,88.4416666667,8919,2660.38,yes,M,50,south Moravia,8441,no_card
0,4,15,19,15715.6,0,3700,92.375,0,12550,yes,M,61,south Bohemia,8114,no_card
0,3,11,14,0,0,15952.4,74,0,8166.66666667,yes,M,53,south Moravia,8512,no_card
4,18,22,44,18492.5,0,3925,94.8416666667,0,5251.25454545,yes,M,28,south Moravia,8240,no_card
0,12,19,31,0,0,11624,65.86,1656.75,8481.825,yes,M,19,north Moravia,10177,no_card
0,23,19,42,11955.6666667,0,1100,42.2416666667,7357,2275.74117647,yes,M,20,Prague,12541,no_card
0,20,18,38,0,0,14586,170.525,0,4159.38,yes,M,27,south Moravia,9624,no_card
1,34,18,53,39856.8333333,0,0,169.325,7097,6158.8137931,yes,M,42,Prague,12541,no_card
4,26,24,54,0,0,21369.5,210.791666667,3713,10590.1666667,yes,M,55,Prague,12541,no_card
0,28,24,52,0,0,4254.25,68.5666666667,1531.81818182,1956.91764706,yes,M,38,south Moravia,8544,no_card
0,42,20,62,0,0,15428.625,128.408333333,2026.39130435,4767,yes,M,27,Prague,12541,no_card
3,39,31,73,0,0,28309.047619,264.39,4021.5,18169.5666667,yes,M,52,south Moravia,8288,classic
0,18,18,36,0,0,22848.5833333,114.216666667,3387.5,9107.43333333,yes,M,42,north Moravia,10177,no_card
2,14,20,36,0,0,15309.25,122.958333333,0,5673.475,yes,M,44,south Moravia,9624,no_card
1,22,15,38,0,0,16438.3333333,112.191666667,4541,3850.11111111,yes,M,40,north Bohemia,9317,no_card
0,3,15,18,14094,0,1550,67.9,0,9566.66666667,no,M,42,north Moravia,10177,no_card
0,22,18,40,0,0,16117.8333333,135.366666667,6270,4909.61111111,yes,M,47,Prague,12541,no_card
0,27,19,46,0,0,16749.7142857,153.366666667,1709,5720.44705882,yes,M,28,north Moravia,8994,no_card
0,2,14,16,0,0,16511.2857143,91.1285714286,0,23800,yes,M,51,east Bohemia,9538,no_card
1,10,18,29,23621,0,1350,79.55,5887,10563.9428571,yes,M,34,Prague,12541,no_card
0,25,24,49,0,0,9228.58333333,166.658333333,3724.5,3200.58461538,yes,M,38,Prague,12541,no_card
0,30,21,51,0,0,26435.8,98.0727272727,0,5899.14333333,no,M,34,east Bohemia,9425,no_card
0,34,18,52,0,0,20520.5,106.466666667,1964,4352.16363636,yes,M,46,south Moravia,8757,classic
1,16,21,38,0,0,23692,193.490909091,0,12331.7294118,yes,M,42,central Bohemia,10124,no_card
1,29,19,49,0,0,18647.2857143,100.091666667,6092.5,6055.85555556,no,M,53,west Bohemia,10787,no_card
0,35,19,54,0,0,13065.5714286,86.45,2751.17647059,1932.64444444,yes,M,34,north Bohemia,9272,no_card
0,30,23,53,0,0,7041.77272727,136.016666667,5042,1796.15,yes,M,61,central Bohemia,8899,no_card
4,21,17,42,0,0,34579.4,86.025,0,6919.104,yes,M,62,south Bohemia,8968,no_card
0,45,20,65,0,0,13627.9375,165.866666667,2208.54545455,1829.02608696,yes,M,30,south Moravia,9624,no_card
5,35,22,62,0,0,17265.8,142.383333333,2049.8125,8305.48333333,yes,M,59,south Moravia,8772,no_card
3,24,16,43,23293.8333333,0,0,130.91,0,4642.74074074,yes,M,39,west Bohemia,8594,no_card
0,9,15,24,13981,0,2250,92.625,2824.33333333,7733.33333333,yes,M,63,east Bohemia,8390,no_card
0,2,9,11,16567.75,0,800,79.9,0,11800,no,M,52,north Moravia,8994,no_card
4,31,17,52,47302.2,0,0,177.808333333,13461,6759.45333333,yes,M,38,north Moravia,8173,no_card
7,18,26,51,22239.8333333,0,4600,94.4888888889,0,5636.024,yes,M,30,west Bohemia,8843,no_card
3,25,20,48,0,0,17561.625,133.458333333,0,5122.95,yes,M,27,central Bohemia,9622,no_card
0,10,20,30,0,0,4334.9,62.83,1474,3469.1,yes,M,33,east Bohemia,8541,no_card
0,30,18,48,0,0,17006.1666667,129.916666667,0,3917.58666667,yes,M,58,north Bohemia,9065,classic
0,3,12,15,0,0,9696.16666667,62.7,0,7100,yes,M,38,central Bohemia,9622,no_card
3,23,18,44,30898.8333333,0,0,172.591666667,3595,9025.10909091,yes,M,47,north Moravia,10673,no_card
0,24,19,43,0,0,7315.42857143,150.891666667,0,2199.70833333,yes,M,20,south Moravia,8720,no_card
0,30,18,48,21439.1666667,0,0,90.4833333333,4968,3419.38,yes,M,35,north Moravia,9893,no_card
0,30,20,50,0,0,26617.375,196.408333333,6755,6654.86666667,yes,M,19,north Bohemia,9272,junior
1,30,17,48,0,0,29180.8,154.258333333,3694.5,4772.76842105,yes,M,25,north Moravia,10177,no_card
3,27,27,57,0,0,19063.8888889,133.233333333,0,5783.46,yes,M,40,central Bohemia,9622,classic
2,16,19,37,0,0,29157.2857143,152.716666667,10240,11364.32,yes,M,61,south Moravia,8444,no_card
2,38,24,64,0,0,22413.8333333,272.883333333,3370.5,7511.30714286,yes,M,33,Prague,12541,classic
0,24,12,36,0,0,19471.5,136.45,3225,4660,yes,M,55,Prague,12541,no_card
4,21,11,36,46686.1666667,0,0,321.46,1621.5,15999.3578947,yes,M,59,north Moravia,10177,classic
1,16,12,29,15097.3333333,0,0,126.433333333,0,5558.51764706,yes,M,22,south Moravia,9897,no_card
0,20,11,31,0,0,19002.5,172.516666667,0,6067.38,yes,M,42,south Moravia,8444,no_card
3,41,13,57,40597.8333333,0,1700,226.733333333,3674.3125,6303.2,yes,M,48,north Moravia,8746,no_card
0,32,14,46,0,0,30915.25,188.266666667,5119,8395.38461538,yes,M,27,north Moravia,8369,no_card
0,41,12,53,47477.1666667,3150,0,232.866666667,2607,9722.85714286,yes,M,19,central Bohemia,9920,junior
3,7,12,22,25943.6,0,350,196.68,6803,11224.2888889,yes,M,34,south Moravia,9624,no_card
0,21,15,36,0,0,9461.77777778,115.766666667,4746,4409.5625,yes,M,51,south Bohemia,9104,no_card
3,27,12,42,40175.5,2700,0,201.883333333,0,8578.8,yes,M,50,central Bohemia,8899,classic
0,7,13,20,0,0,12235.375,167.92,0,6430.65714286,yes,M,38,Prague,12541,no_card
0,31,12,43,0,0,22019.8333333,114,8319,3453.904,yes,M,48,south Moravia,8444,no_card
0,6,11,17,0,0,13092.1428571,148.275,9613,8780,yes,M,33,south Moravia,8544,no_card
0,6,9,15,0,0,34253.3333333,336.266666667,0,14700,yes,M,28,Prague,12541,no_card
5,25,20,50,0,0,20079.5714286,254.75,13386,9032.875,yes,M,29,west Bohemia,8930,no_card
4,24,16,44,0,0,17504.9,170,4146,7680.48181818,yes,M,55,north Moravia,10673,no_card
1,24,22,47,0,0,23715.8125,287.866666667,0,13776.16,yes,M,29,south Moravia,8403,no_card
5,17,15,37,16099.5,0,4333.33333333,89.5833333333,0,4564.70909091,yes,M,42,central Bohemia,9622,no_card
4,25,19,48,0,0,22124.5555556,123.09,0,5877.8,no,M,47,north Moravia,10177,no_card
3,27,15,45,21016.6,0,2600,123.2,7342,3179.42222222,yes,M,62,Prague,12541,no_card
0,4,9,13,34881,0,1100,142.175,0,21900,yes,M,36,north Bohemia,8965,no_card
3,28,19,50,0,0,23729,224.05,0,10817.6129032,yes,M,30,Prague,12541,no_card
2,36,20,58,0,0,29797.2142857,320.633333333,10721,11480.89375,yes,M,58,south Moravia,8814,no_card
4,21,15,40,15926.1666667,0,2833.33333333,158.116666667,3684,3314.13684211,yes,M,55,north Moravia,8369,no_card
0,19,12,31,0,0,14757.1666667,108.833333333,8944,3809.58666667,yes,M,60,central Bohemia,11277,no_card
0,22,12,34,0,0,11585.1666667,123.3,2511,3044.55714286,yes,M,60,south Moravia,9897,no_card
3,31,13,47,20544.3333333,0,700,140.616666667,3143.5,4265.72727273,yes,M,28,south Moravia,9897,no_card
8,19,20,47,0,0,17872.75,119.425,0,6433.74814815,no,M,23,north Moravia,10673,no_card
4,37,15,56,0,0,34116.4444444,163.216666667,4230.33333333,9407.9826087,yes,M,56,east Bohemia,8363,classic
2,18,25,45,0,0,16557.2857143,158.522222222,0,7191.2,yes,M,27,south Moravia,9624,gold
5,21,12,38,34285.3333333,0,0,164.633333333,0,7985.6,yes,M,60,east Bohemia,9538,no_card
2,38,12,52,52884,0,0,188.033333333,6223,8887.78571429,yes,M,31,south Bohemia,9104,no_card
2,40,12,54,32568.1666667,3000,0,227,1083,6734.72173913,yes,M,35,west Bohemia,8561,classic
0,32,13,45,0,0,20685.1428571,158.283333333,4192.5,4210.38,yes,M,19,central Bohemia,8507,junior
1,20,13,34,19587.8333333,0,2400,171.7,4611.25,5639.24615385,yes,M,38,Prague,12541,no_card
0,23,12,35,0,0,12503.8333333,184.95,5016,2851.83333333,yes,M,28,south Moravia,8441,no_card
0,24,12,36,0,0,17424.3333333,179.4,0,4524.48333333,yes,M,25,west Bohemia,8991,no_card
1,20,12,33,38052.1666667,0,0,218.166666667,9151,12380.8705882,yes,M,21,south Moravia,9624,no_card
0,17,9,26,0,0,25645.3333333,113.033333333,0,3393.38823529,yes,M,35,central Bohemia,11277,no_card
4,18,11,33,29981.6,0,0,243.35,5891,7418.05,yes,M,55,Prague,12541,classic
0,28,18,46,0,0,5473.08333333,72.7333333333,1445,3575.475,yes,M,56,south Bohemia,8114,no_card
0,30,13,43,42143.8333333,0,4200,214.583333333,2940.75,16092.1428571,yes,M,40,central Bohemia,9753,no_card
3,23,19,45,0,0,22824.6153846,224.3,0,10556.4461538,yes,M,53,north Moravia,8369,classic
0,10,13,23,0,0,16751.1,310.4,0,11074.38,yes,M,44,Prague,12541,no_card
3,25,15,43,0,0,28238.8888889,242.716666667,0,9425.59285714,yes,M,29,south Moravia,8544,classic
5,39,12,56,43741.8333333,0,0,185.816666667,3391.66666667,7926.76923077,yes,M,26,Prague,12541,no_card
6,23,19,48,0,0,26946.3846154,244.5,0,12517.2965517,yes,M,34,south Moravia,8743,no_card
0,5,10,15,0,0,20156.6666667,98.9857142857,0,6100,no,M,40,north Bohemia,10446,no_card
0,30,16,46,0,0,32398,264.483333333,9535,11428.65,yes,M,30,west Bohemia,8620,no_card
0,35,12,47,0,0,14633.6666667,186.466666667,3035.5,2390.76521739,yes,M,34,north Bohemia,9675,no_card
0,29,11,40,0,0,10530.2,119.233333333,3080.5,4428.68235294,yes,M,36,north Moravia,10177,no_card
0,39,12,51,0,0,15503.5,185.85,2137,2458.25925926,yes,M,33,north Bohemia,8965,no_card
1,44,12,57,25906.8333333,0,0,145.583333333,1438.75,6129.02857143,yes,M,52,west Bohemia,8561,no_card
3,24,20,47,0,0,31883.8571429,227.2,0,13707.6518519,yes,M,43,east Bohemia,8254,classic
2,26,19,47,0,0,27570.8461538,231.183333333,14801,10354.2434783,yes,M,34,west Bohemia,8561,no_card
0,8,13,21,0,0,35773.75,197.444444444,0,16650,no,M,41,south Moravia,9897,no_card
6,19,11,36,37715.1666667,0,0,211.82,0,8239.96,yes,M,37,north Moravia,8173,classic
0,25,13,38,0,0,19753.5714286,155.366666667,9902,4697.52631579,yes,M,46,south Bohemia,10045,classic
0,7,10,17,28570.4,0,800,195.375,12414,10800,yes,M,20,north Moravia,9893,no_card
0,26,14,40,0,0,8342.625,90.25,6742,1857.38,yes,M,31,north Bohemia,9198,no_card
0,25,14,39,0,0,5775.5,61.3333333333,4410,1341.45263158,yes,M,39,west Bohemia,8624,no_card
5,21,12,38,47060,0,0,216.25,0,11020.0230769,yes,M,59,south Bohemia,9104,classic
0,22,12,34,0,0,15700.75,139.916666667,6262,3711.35294118,yes,M,39,south Moravia,8743,no_card
1,37,12,50,0,0,16597.3333333,95.1166666667,3259.28571429,4020.42352941,no,M,50,west Bohemia,8620,no_card
0,49,12,61,0,0,26672.8333333,197.483333333,1089.25,5721.904,yes,M,30,Prague,12541,classic
0,34,14,48,0,0,10288.625,122.116666667,3720.5,1790,yes,M,35,north Bohemia,10446,gold
0,9,13,22,0,0,7640.5,99.88,0,2912.73333333,yes,M,60,south Moravia,8441,no_card
4,11,12,27,41047.5,0,0,195.716666667,10134,15450.1571429,yes,M,46,south Moravia,8512,gold
0,30,14,44,0,0,6322.375,88.85,2455,1211.53333333,yes,M,53,east Bohemia,8390,no_card
0,34,12,46,0,1900,25902.5,234.75,3234,5720.4,yes,M,44,north Moravia,8994,classic
0,35,22,57,0,0,10234.1,98.3333333333,2593.66666667,4035.74117647,no,M,23,Prague,12541,no_card
2,27,20,49,0,0,24761.2142857,275.2,0,13703.0344828,yes,M,41,north Moravia,10177,no_card
4,37,15,56,0,0,20772.5555556,183.2,4718,5941.29655172,yes,M,58,central Bohemia,8754,no_card
0,6,9,15,0,2650,12145.6666667,356.816666667,0,300,yes,M,29,south Moravia,8743,gold
3,18,13,34,33827.1666667,0,13000,274.8,0,11214.3809524,yes,M,34,south Moravia,8743,classic
0,5,11,16,0,0,11090.7142857,103.05,7303,8850,yes,M,43,north Bohemia,9832,no_card
6,34,12,52,48741.3333333,0,0,237.666666667,11053,6322.9,yes,M,20,south Bohemia,8427,junior
0,36,12,48,53365,0,0,216.75,3740,10106.2533333,yes,M,19,central Bohemia,8507,no_card
0,11,12,23,50809.5,0,300,318.66,10356,21571.46,yes,M,49,north Moravia,8369,gold
2,37,12,51,32653.8333333,0,0,130.083333333,1826,6629.54074074,yes,M,21,Prague,12541,no_card
3,30,12,45,46950.5,0,2800,239.92,7049.5,8046.33333333,yes,M,23,central Bohemia,9622,classic
0,6,9,15,55632.25,0,900,213.525,0,30066.6666667,yes,M,37,Prague,12541,classic
0,46,12,58,0,0,23881,360.3,913.75,5722.16363636,yes,M,61,north Bohemia,9198,no_card
3,29,13,45,20939.8333333,0,1700,127.5,3867,3889.71538462,yes,M,43,north Moravia,8678,no_card
2,29,13,44,0,0,18604,95.9666666667,4114,4461,yes,M,62,west Bohemia,8930,classic
0,25,13,38,0,0,17737.5714286,172.633333333,5435,5420.4,yes,M,40,Prague,12541,no_card
0,23,17,40,0,0,6195.90909091,130.083333333,3728,3227.82352941,yes,M,57,east Bohemia,8369,no_card
0,5,14,19,0,0,15269.8,107.933333333,0,9800,yes,M,22,north Moravia,8994,no_card
3,36,18,57,0,0,23452.8333333,200.883333333,4647.66666667,6653.21904762,yes,M,55,north Moravia,8819,no_card
0,21,15,36,0,0,4335.66666667,126.65,0,1732.74285714,yes,M,22,north Moravia,8369,no_card
1,24,12,37,36546.1666667,0,0,168.083333333,0,9414.664,yes,M,64,north Bohemia,9675,no_card
2,22,12,36,0,0,32392.3333333,179.866666667,0,8986.4,yes,M,58,south Bohemia,8427,no_card
0,15,14,29,0,0,19638,45.69,0,7138.2,no,M,43,east Bohemia,8187,no_card
2,35,13,50,20816.4,0,2200,139.566666667,2867,4734.104,yes,M,57,south Moravia,8403,no_card
0,28,12,40,0,0,9910.33333333,176.716666667,2310.5,1812.13333333,yes,M,41,north Bohemia,9272,classic
0,26,13,39,23705.5,0,2200,127.95,7312,4564,yes,M,45,Prague,12541,no_card
1,40,15,56,15245,0,6250,81.4833333333,2789.25,2645.52941176,yes,M,48,west Bohemia,8554,no_card
0,5,11,16,0,0,19341.7142857,150.65,0,18540,yes,M,29,central Bohemia,8598,no_card
2,33,24,59,0,0,28933.9444444,245.55,10472,15866.4137931,yes,M,44,east Bohemia,8254,no_card
0,23,12,35,0,0,13821.1666667,179.316666667,0,3126.88695652,yes,M,39,west Bohemia,8554,classic
2,23,15,40,0,0,26129.8888889,247.566666667,0,10327.424,yes,M,46,south Bohemia,8427,no_card
2,14,16,32,0,0,18162.2,153.633333333,0,8071.3125,yes,M,30,south Bohemia,8968,no_card
0,14,12,26,45764.3333333,0,0,190.183333333,6584.66666667,19587.2727273,yes,M,21,south Moravia,8288,junior
1,23,18,42,0,0,27730,176.941666667,0,7377.65,no,M,23,Prague,12541,no_card
2,24,13,39,13027.1666667,0,6800,145.75,3799,3048.4,yes,M,41,north Bohemia,9272,no_card
3,27,11,41,36191,0,0,202.266666667,8436,6593.904,yes,M,25,north Moravia,8994,classic
1,14,14,29,16133,0,8050,141.1,11506,6603.33333333,yes,M,22,south Moravia,8444,no_card
0,30,12,42,0,0,12842.8333333,138.616666667,0,2909.58666667,yes,M,58,east Bohemia,8369,no_card
1,22,12,35,0,0,15002,157.133333333,0,3589.50434783,yes,M,36,north Bohemia,9065,no_card
2,33,13,48,53244.8333333,0,2500,330.466666667,0,10999.0171429,yes,M,29,south Bohemia,8427,classic
0,9,12,21,0,0,22527.5714286,139.86,6661,14351.825,yes,M,44,west Bohemia,8594,no_card
0,25,12,37,0,0,20069.2857143,215.24,4736,8493.31578947,yes,M,36,south Moravia,8444,no_card
0,3,10,13,0,0,12685.1666667,137.475,0,10333.3333333,yes,M,40,north Moravia,8819,no_card
0,16,13,29,0,0,26804.75,220.3,0,11028.75,yes,M,36,north Moravia,10177,classic
3,15,18,36,0,0,22625.1666667,203.883333333,0,12286.1666667,yes,M,23,Prague,12541,classic
6,24,12,42,42517.5,0,0,214.633333333,9810,7361.10833333,yes,M,19,central Bohemia,8754,junior
5,27,12,44,48363.1666667,0,0,285.783333333,4475.22222222,12571.1478261,yes,M,52,Prague,12541,no_card
5,30,22,57,0,0,24793.5625,189.75,12154,12097.6758621,yes,M,51,north Bohemia,8705,no_card
0,21,16,37,0,0,6371.7,97.9833333333,1556.5,4315.67692308,yes,M,26,south Bohemia,9045,no_card
0,35,15,50,12157.1666667,0,2450,100.2,2896,1798.41176471,yes,M,27,central Bohemia,9307,no_card
2,39,22,63,0,0,34032,296.4,3316.5,16570.9862069,yes,M,24,east Bohemia,8187,no_card
0,27,12,39,0,0,22000.3333333,261.216666667,3693,5194.64761905,yes,M,20,central Bohemia,9920,no_card
4,20,17,41,0,0,16622.5454545,168.016666667,0,7243.56666667,yes,M,47,south Moravia,9897,no_card
0,7,11,18,46186.8,0,250,189.125,10886,32766.6666667,yes,M,54,Prague,12541,no_card
1,30,12,43,29265.1666667,0,0,131.05,2192.18181818,7007.53,yes,M,31,south Moravia,8814,classic
0,47,12,59,0,0,17486.1666667,91.6,1323.75,2984.67826087,yes,M,37,north Moravia,8110,no_card
